<?xml version="1.0"?>
<manifest xmlns="http://www.imsglobal.org/xsd/imscp_v1p1" xmlns:imsqti="http://www.imsglobal.org/xsd/imsqti_v2p1" xmlns:xsi="http://www.w3.org/2001/XMLSchema-instance" xsi:schemaLocation="http://www.imsglobal.org/xsd/imscp_v1p1 imscp_v1p1.xsd http://www.imsglobal.org/xsd/imsqti_v2p1 imsqti_v2p1.xsd" identifier="QTI-MANIFEST-TAO-ITEMS_SAMPLE">
    <organizations/>
    <resources>
        <resource identifier="astronomy" type="imsqti_item_xmlv2p1" href="astronomy/qti.xml">
            <metadata>
                <schema>IMS QTI Item</schema>
                <schemaversion>2.1</schemaversion>      
                <imsqti:qtiMetadata>
                    <imsqti:timeDependent>false</imsqti:timeDependent>
                    <imsqti:interactionType>associate</imsqti:interactionType>
                    <imsqti:feedbackType>nonadaptive</imsqti:feedbackType>
                    <imsqti:solutionAvailable/>
                    <imsqti:toolName>TAO</imsqti:toolName>
                    <imsqti:toolVersion>2.6</imsqti:toolVersion>
                    <imsqti:toolVendor>Open Assessment Technologies S.A.</imsqti:toolVendor>
                </imsqti:qtiMetadata>
            </metadata>
            <file href="astronomy/qti.xml"/>
            <file href="astronomy/img/earth.png"/>
            <file href="astronomy/img/ganymede.png"/>
            <file href="astronomy/img/jupiter.png"/>
            <file href="astronomy/img/moon.png"/>
            <file href="astronomy/img/neptune.png"/>
            <file href="astronomy/img/triton.png"/>
        </resource>
        <resource identifier="elections-in-the-united-states-2004" type="imsqti_item_xmlv2p1" href="elections/qti.xml">
            <metadata>
                <schema>IMS QTI Item</schema>
                <schemaversion>2.1</schemaversion>      
                <imsqti:qtiMetadata>
                    <imsqti:timeDependent>false</imsqti:timeDependent>
                    <imsqti:interactionType>slider</imsqti:interactionType>
                    <imsqti:feedbackType>nonadaptive</imsqti:feedbackType>
                    <imsqti:solutionAvailable/>
                    <imsqti:toolName>TAO</imsqti:toolName>
                    <imsqti:toolVersion>2.6</imsqti:toolVersion>
                    <imsqti:toolVendor>Open Assessment Technologies S.A.</imsqti:toolVendor>
                </imsqti:qtiMetadata>
            </metadata>
            <file href="elections/qti.xml"/>
            <file href="elections/img/map.jpg"/>
        </resource>
        <resource identifier="periods-of-history" type="imsqti_item_xmlv2p1" href="history/qti.xml">
            <metadata>
                <schema>IMS QTI Item</schema>
                <schemaversion>2.1</schemaversion>      
                <imsqti:qtiMetadata>
                    <imsqti:timeDependent>false</imsqti:timeDependent>
                    <imsqti:interactionType>order</imsqti:interactionType>
                    <imsqti:feedbackType>nonadaptive</imsqti:feedbackType>
                    <imsqti:solutionAvailable/>
                    <imsqti:toolName>TAO</imsqti:toolName>
                    <imsqti:toolVersion>2.6</imsqti:toolVersion>
                    <imsqti:toolVendor>Open Assessment Technologies S.A.</imsqti:toolVendor>
                </imsqti:qtiMetadata>
            </metadata>
            <file href="history/qti.xml"/>
        </resource>
        <resource identifier="space-shuttle-30-years-of-adventure" type="imsqti_item_xmlv2p1" href="space-shuttle/qti.xml">
            <metadata>
                <schema>IMS QTI Item</schema>
                <schemaversion>2.1</schemaversion>      
                <imsqti:qtiMetadata>
                    <imsqti:timeDependent>false</imsqti:timeDependent>
                    <imsqti:interactionType>choice</imsqti:interactionType>
                    <imsqti:feedbackType>nonadaptive</imsqti:feedbackType>
                    <imsqti:solutionAvailable/>
                    <imsqti:toolName>TAO</imsqti:toolName>
                    <imsqti:toolVersion>2.6</imsqti:toolVersion>
                    <imsqti:toolVendor>Open Assessment Technologies S.A.</imsqti:toolVendor>
                </imsqti:qtiMetadata>
            </metadata>
            <file href="space-shuttle/qti.xml"/>
        </resource>
        <resource identifier="upload" type="imsqti_item_xmlv2p1" href="upload/qti.xml">
            <metadata>
                <schema>IMS QTI Item</schema>
                <schemaversion>2.1</schemaversion>      
                <imsqti:qtiMetadata>
                    <imsqti:timeDependent>false</imsqti:timeDependent>
                    <imsqti:interactionType>upload</imsqti:interactionType>
                    <imsqti:feedbackType>nonadaptive</imsqti:feedbackType>
                    <imsqti:solutionAvailable/>
                    <imsqti:toolName>TAO</imsqti:toolName>
                    <imsqti:toolVersion>2.6</imsqti:toolVersion>
                    <imsqti:toolVendor>Open Assessment Technologies S.A.</imsqti:toolVendor>
                </imsqti:qtiMetadata>
            </metadata>
            <file href="upload/qti.xml"/>
        </resource>
        <resource identifier="match-single-cardinality" type="imsqti_item_xmlv2p1" href="match-single-cardinality/qti.xml">
            <metadata>
                <schema>IMS QTI Item</schema>
                <schemaversion>2.1</schemaversion>      
                <imsqti:qtiMetadata>
                    <imsqti:timeDependent>false</imsqti:timeDependent>
                    <imsqti:interactionType>match</imsqti:interactionType>
                    <imsqti:feedbackType>nonadaptive</imsqti:feedbackType>
                    <imsqti:solutionAvailable/>
                    <imsqti:toolName>TAO</imsqti:toolName>
                    <imsqti:toolVersion>2.6</imsqti:toolVersion>
                    <imsqti:toolVendor>Open Assessment Technologies S.A.</imsqti:toolVendor>
                </imsqti:qtiMetadata>
            </metadata>
            <file href="match-single-cardinality/qti.xml"/>
        </resource>
        <resource identifier="match-multiple-cardinality" type="imsqti_item_xmlv2p1" href="match-multiple-cardinality/qti.xml">
            <metadata>
                <schema>IMS QTI Item</schema>
                <schemaversion>2.1</schemaversion>      
                <imsqti:qtiMetadata>
                    <imsqti:timeDependent>false</imsqti:timeDependent>
                    <imsqti:interactionType>match</imsqti:interactionType>
                    <imsqti:feedbackType>nonadaptive</imsqti:feedbackType>
                    <imsqti:solutionAvailable/>
                    <imsqti:toolName>TAO</imsqti:toolName>
                    <imsqti:toolVersion>2.6</imsqti:toolVersion>
                    <imsqti:toolVendor>Open Assessment Technologies S.A.</imsqti:toolVendor>
                </imsqti:qtiMetadata>
            </metadata>
            <file href="match-multiple-cardinality/qti.xml"/>
        </resource>
        <resource identifier="inlineChoice" type="imsqti_item_xmlv2p1" href="inlinechoice/qti.xml">
            <metadata>
                <schema>IMS QTI Item</schema>
                <schemaversion>2.1</schemaversion>      
                <imsqti:qtiMetadata>
                    <imsqti:timeDependent>false</imsqti:timeDependent>
                    <imsqti:interactionType>inlineChoice</imsqti:interactionType>
                    <imsqti:feedbackType>nonadaptive</imsqti:feedbackType>
                    <imsqti:solutionAvailable/>
                    <imsqti:toolName>TAO</imsqti:toolName>
                    <imsqti:toolVersion>2.6</imsqti:toolVersion>
                    <imsqti:toolVendor>Open Assessment Technologies S.A.</imsqti:toolVendor>
                </imsqti:qtiMetadata>
            </metadata>
            <file href="inlinechoice/qti.xml"/>
        </resource>
        <resource identifier="hottext" type="imsqti_item_xmlv2p1" href="hottext/qti.xml">
            <metadata>
                <schema>IMS QTI Item</schema>
                <schemaversion>2.1</schemaversion>      
                <imsqti:qtiMetadata>
                    <imsqti:timeDependent>false</imsqti:timeDependent>
                    <imsqti:interactionType>hottext</imsqti:interactionType>
                    <imsqti:feedbackType>nonadaptive</imsqti:feedbackType>
                    <imsqti:solutionAvailable/>
                    <imsqti:toolName>TAO</imsqti:toolName>
                    <imsqti:toolVersion>2.6</imsqti:toolVersion>
                    <imsqti:toolVendor>Open Assessment Technologies S.A.</imsqti:toolVendor>
                </imsqti:qtiMetadata>
            </metadata>
            <file href="hottext/qti.xml"/>
        </resource>
        <resource identifier="hotspot" type="imsqti_item_xmlv2p1" href="hotspot/qti.xml">
            <metadata>
                <schema>IMS QTI Item</schema>
                <schemaversion>2.1</schemaversion>      
                <imsqti:qtiMetadata>
                    <imsqti:timeDependent>false</imsqti:timeDependent>
                    <imsqti:interactionType>hotspot</imsqti:interactionType>
                    <imsqti:feedbackType>nonadaptive</imsqti:feedbackType>
                    <imsqti:solutionAvailable/>
                    <imsqti:toolName>TAO</imsqti:toolName>
                    <imsqti:toolVersion>2.6</imsqti:toolVersion>
                    <imsqti:toolVendor>Open Assessment Technologies S.A.</imsqti:toolVendor>
                </imsqti:qtiMetadata>
            </metadata>
            <file href="hotspot/qti.xml"/>
            <file href="hotspot/images/ukair.png"/>
        </resource>
    </resources>
</manifest>
